{
    "flip_x": false,
    "flip_y": false,
    "theta": 0.06639020144939423,
    "timestamp": "2026-03-05T19:43:16",
    "x": 4.802239418029785,
    "y": -12.114830017089844
}
